{
    "anchor_vid": 13,
    "obs": {
        "13": {
            "img_path": "013.png",
            "sph": [
                1.0367255756846316,
                -1.0471975511965974,
                2.5
            ]
        },
        "2": {
            "img_path": "002.png",
            "rel_sph": [
                0.5471232205629348,
                5.226420521736145,
                0.010766743286512791
            ],
            "gt_rel_sph": [
                0.5340707511102649,
                5.235987755982988,
                0.0
            ]
        },
        "10": {
            "img_path": "010.png",
            "rel_sph": [
                -0.2741801545023918,
                3.1567859292030334,
                -0.07317001968622208
            ],
            "gt_rel_sph": [
                -0.25132741228718347,
                3.1415926535897936,
                0.0
            ]
        },
        "26": {
            "img_path": "026.png",
            "rel_sph": [
                0.993178203701973,
                5.267164087295532,
                -0.006936688214773312
            ],
            "gt_rel_sph": [
                1.036725575684632,
                5.235987755982988,
                0.0
            ]
        }
    }
}