{
    "cond_vid": 1,
    "obs": {
        "1": {
            "img_path": "001.png",
            "sph": [
                1.5707963267948966,
                -1.0471975511965974,
                2.5000000000000002
            ]
        },
        "9": {
            "img_path": "009.png",
            "rel_sph": [
                -0.8648367792367935,
                4.216846227645874,
                -0.03837748486548662
            ],
            "gt_rel_sph": [
                -0.7853981633974484,
                4.1887902047863905,
                -2.220446049250313e-16
            ]
        }
    }
}