{
    "anchor_vid": 7,
    "obs": {
        "7": {
            "img_path": "007.png",
            "sph": [
                0.7853981633974482,
                -1.0471975511965976,
                2.5
            ]
        },
        "3": {
            "img_path": "003.png",
            "rel_sph": [
                0.8204475075006485,
                4.188415312767029,
                -0.005401892447844147
            ],
            "gt_rel_sph": [
                0.7853981633974484,
                4.1887902047863905,
                0.0
            ]
        },
        "23": {
            "img_path": "023.png",
            "rel_sph": [
                1.1185127317905426,
                2.0744969606399537,
                -0.03197930026799441
            ],
            "gt_rel_sph": [
                1.0367255756846316,
                2.0943951023931957,
                2.220446049250313e-16
            ]
        }
    }
}