{
    "cond_vid": 13,
    "obs": {
        "13": {
            "img_path": "013.png",
            "sph": [
                1.0367255756846316,
                5.235987755982989,
                5.0
            ]
        },
        "2": {
            "img_path": "002.png",
            "rel_sph": [
                0.54007967710495,
                5.280698180198669,
                0.01404739348217845
            ],
            "gt_rel_sph": [
                0.5340707511102649,
                5.235987755982988,
                0.0
            ]
        },
        "10": {
            "img_path": "010.png",
            "rel_sph": [
                -0.2758373275399208,
                3.1416956186294556,
                -0.009836619085399434
            ],
            "gt_rel_sph": [
                -0.25132741228718336,
                3.1415926535897936,
                0.0
            ]
        },
        "26": {
            "img_path": "026.png",
            "rel_sph": [
                1.049942296743393,
                5.275577282905578,
                -0.012853247742168606
            ],
            "gt_rel_sph": [
                1.036725575684632,
                5.235987755982988,
                0.0
            ]
        }
    }
}