{
    "cond_vid": 1,
    "obs": {
        "1": {
            "img_path": "001.png",
            "sph": [
                1.5707963267948966,
                5.235987755982989,
                5.0
            ]
        },
        "9": {
            "img_path": "009.png",
            "rel_sph": [
                -0.7295676052570343,
                4.18787784576416,
                -0.06391663979738951
            ],
            "gt_rel_sph": [
                -0.7853981633974483,
                4.1887902047863905,
                0.0
            ]
        }
    }
}