{
    "cond_vid": 7,
    "obs": {
        "7": {
            "img_path": "007.png",
            "sph": [
                0.7853981633974483,
                5.235987755982989,
                5.0
            ]
        },
        "3": {
            "img_path": "003.png",
            "rel_sph": [
                0.8142985850572586,
                4.230904269218445,
                -0.13541064858436586
            ],
            "gt_rel_sph": [
                0.7853981633974483,
                4.1887902047863905,
                0.0
            ]
        },
        "23": {
            "img_path": "023.png",
            "rel_sph": [
                1.0431389153003692,
                2.1273161649703978,
                -0.05304868333041668
            ],
            "gt_rel_sph": [
                1.0367255756846316,
                2.0943951023931966,
                0.0
            ]
        }
    }
}