{
    "anchor_vid": 13,
    "obs": {
        "13": {
            "img_path": "013.png",
            "sph": [
                1.0367255756846316,
                5.235987755982989,
                4.0
            ]
        },
        "2": {
            "img_path": "002.png",
            "rel_sph": [
                0.5845575422048569,
                5.1684889793396,
                0.02813175553455949
            ],
            "gt_rel_sph": [
                0.5340707511102649,
                5.235987755982988,
                0.0
            ]
        },
        "10": {
            "img_path": "010.png",
            "rel_sph": [
                -0.23822886124253273,
                3.102372205257416,
                -0.03634987212717533
            ],
            "gt_rel_sph": [
                -0.25132741228718347,
                3.1415926535897936,
                0.0
            ]
        },
        "26": {
            "img_path": "026.png",
            "rel_sph": [
                1.09656081199646,
                5.207646107673645,
                0.04824727373197675
            ],
            "gt_rel_sph": [
                1.036725575684632,
                5.235987755982988,
                0.0
            ]
        }
    }
}