{
    "anchor_vid": 1,
    "obs": {
        "1": {
            "img_path": "001.png",
            "sph": [
                1.5707963267948966,
                5.235987755982989,
                4.0
            ]
        },
        "9": {
            "img_path": "009.png",
            "rel_sph": [
                -0.8321963846683502,
                4.14909176826477,
                0.01198745563160628
            ],
            "gt_rel_sph": [
                -0.7853981633974484,
                4.1887902047863905,
                -4.440892098500626e-16
            ]
        }
    }
}