{
    "cond_vid": 7,
    "obs": {
        "7": {
            "img_path": "007.png",
            "sph": [
                0.7853981633974482,
                5.235987755982989,
                4.0
            ]
        },
        "3": {
            "img_path": "003.png",
            "rel_sph": [
                0.866703599691391,
                4.193425941467285,
                0.003149127021606546
            ],
            "gt_rel_sph": [
                0.7853981633974484,
                4.1887902047863905,
                0.0
            ]
        },
        "23": {
            "img_path": "023.png",
            "rel_sph": [
                1.081222116947174,
                2.096338152885437,
                0.05297306049615145
            ],
            "gt_rel_sph": [
                1.0367255756846316,
                2.0943951023931957,
                4.440892098500626e-16
            ]
        }
    }
}