{
    "cond_vid": 7,
    "obs": {
        "7": {
            "img_path": "007.png",
            "sph": [
                0.7853981633974483,
                5.235987755982989,
                3.0
            ]
        },
        "3": {
            "img_path": "003.png",
            "rel_sph": [
                0.749811652302742,
                4.204164981842041,
                -0.13459776639938353
            ],
            "gt_rel_sph": [
                0.7853981633974483,
                4.1887902047863905,
                0.0
            ]
        },
        "23": {
            "img_path": "023.png",
            "rel_sph": [
                1.0697285830974579,
                2.084506320953369,
                -0.012539631454274058
            ],
            "gt_rel_sph": [
                1.0367255756846316,
                2.0943951023931966,
                0.0
            ]
        }
    }
}