{
    "cond_vid": 13,
    "obs": {
        "13": {
            "img_path": "013.png",
            "sph": [
                1.0367255756846316,
                5.235987755982989,
                3.0
            ]
        },
        "2": {
            "img_path": "002.png",
            "rel_sph": [
                0.5128795683383942,
                5.212677955627441,
                0.004203666717512533
            ],
            "gt_rel_sph": [
                0.5340707511102649,
                5.235987755982988,
                0.0
            ]
        },
        "10": {
            "img_path": "010.png",
            "rel_sph": [
                -0.32720748484134676,
                3.1013132095336915,
                0.011034869879949838
            ],
            "gt_rel_sph": [
                -0.25132741228718336,
                3.1415926535897936,
                0.0
            ]
        },
        "26": {
            "img_path": "026.png",
            "rel_sph": [
                1.0482798278331757,
                5.219857525825501,
                -0.00860088742338121
            ],
            "gt_rel_sph": [
                1.036725575684632,
                5.235987755982988,
                0.0
            ]
        }
    }
}